fold,val_loss,val_mse
1,0.4370165765285492,0.05029519274830818
2,0.44730308651924133,0.0505792461335659
3,0.34096771478652954,0.04393436387181282
4,0.3381247818470001,0.04261857271194458
5,0.3959041237831116,0.04623730853199959
6,0.3189593553543091,0.03293854370713234
7,0.4129785895347595,0.05199143663048744
8,0.44775673747062683,0.05999012291431427
9,0.26830384135246277,0.030495982617139816
10,0.34901148080825806,0.036367226392030716
