fold,val_loss,val_mse
1,0.39148378372192383,0.04843132570385933
2,0.37567102909088135,0.045559462159872055
3,0.2785355746746063,0.02885337918996811
4,0.29249194264411926,0.03709220141172409
5,0.3209885358810425,0.033102765679359436
6,0.3427264392375946,0.04441599175333977
7,0.511854350566864,0.06623721867799759
8,0.28423333168029785,0.03189414367079735
9,0.24781474471092224,0.02392301708459854
10,0.41994842886924744,0.04997667670249939
