fold,val_loss,val_mse
2,0.17484772205352783,0.01625972054898739
3,0.1562577337026596,0.015079792588949203
4,0.1427362859249115,0.013136846013367176
5,0.15025024116039276,0.014150511473417282
6,0.15667171776294708,0.015130856074392796
