fold,val_loss,val_mse
1,0.15540024638175964,0.014031412079930305
2,0.11847265064716339,0.01034118328243494
3,0.159929558634758,0.015377793461084366
4,0.14633359014987946,0.013202821835875511
5,0.1306806057691574,0.011447769589722157
