Fold,AUC,Accuracy,Precision,Recall
2,0.9856738448143005,0.9400253295898438,0.9298955798149109,0.8823901414871216
