Fold,AUC,Accuracy,Precision,Recall
1,0.16719773411750793,0.9732142686843872,0.9379615783691406,0.9011293053627014,0.8316733837127686
2,0.21270465850830078,0.9523570537567139,0.9257850646972656,0.9302404522895813,0.7453712821006775
3,0.2032044678926468,0.9535764455795288,0.9279518127441406,0.9190203547477722,0.7660409808158875
4,0.19467659294605255,0.9617713093757629,0.92718505859375,0.8635058999061584,0.8258794546127319
5,0.2329600751399994,0.9349219799041748,0.9194297790527344,0.8770267367362976,0.770988941192627
