Fold,AUC,Accuracy,Precision,Recall
6,0.6544364094734192,0.8359565734863281,0.0,0.0
7,0.9927731156349182,0.9353485107421875,0.7341565489768982,0.9852696061134338
