Fold,AUC,Accuracy,Precision,Recall
1,0.9899188280105591,0.948699951171875,0.915277361869812,0.9282414317131042
